Time, X, Y, Z
0,0.2150131,0.86,0.1978979
