Time, X, Y, Z
0,0.2886122,0.86,0.2314252
0,0.203893,0.86,0.2785374
