Time, X, Y, Z
0,0.1816092,0.86,0.1789328
0,0.2142384,0.86,0.2036039
