Time, X, Y, Z
0,0.15,0.86,0.2
0,0.2013189,0.86,0.1924218
0,0.1695275,0.86,0.1893094
0,0.1619143,0.86,0.2038029
0,0.2017974,0.86,0.2081929
0,0.1767812,0.86,0.1439349
0,0.1757678,0.86,0.1920254
0,0.2221643,0.86,0.1525744
0,0.1837246,0.86,0.1432609
0,0.1736418,0.86,0.194952
0,0.1592123,0.86,0.2099256
0,0.216368,0.86,0.1415277
0,0.1617753,0.86,0.1636132
0,0.1920432,0.86,0.1446839
0,0.1761265,0.86,0.1882039
0,0.2144457,0.86,0.1753622
