Time, X, Y, Z
0,0.15,0.86,0.2
0,0.1900202,0.86,0.1808073
0,0.1572652,0.86,0.1966018
0,0.1882576,0.86,0.1596292
0,0.1825282,0.86,0.1948077
