Time, X, Y, Z
0,0.1992024,0.86,0.1472971
0,0.1578003,0.86,0.173452
0,0.1898853,0.86,0.1440204
0,0.1722847,0.86,0.1419418
